id,name,email
1,Alice Johnson,alice@example.com
2,Bob Smith,bob@example.com
3,Charlie Brown,charlie@example.com
4,Diana Prince,diana@example.com
5,Ethan Hunt,ethan@example.com
6,Fiona Apple,fiona@example.com
7,George Martin,george@example.com
8,Hannah Montana,hannah@example.com
9,Isaac Newton,isaac@example.com
10,Julia Roberts,julia@example.com
11,Kevin Bacon,kevin@example.com
12,Laura Croft,laura@example.com
13,Michael Scott,michael@example.com
14,Nina Simone,nina@example.com
15,Oscar Wilde,oscar@example.com
16,Patricia Hill,patricia@example.com
17,Quentin Tarantino,quentin@example.com
18,Rachel Green,rachel@example.com
19,Samuel Jackson,samuel@example.com
20,Tina Fey,tina@example.com
